<?xml version="1.0" encoding="UTF-8"?>
<beans xmlns="http://www.springframework.org/schema/beans"
       xmlns:xsi="http://www.w3.org/2001/XMLSchema-instance"
       xsi:schemaLocation="http://www.springframework.org/schema/beans http://www.springframework.org/schema/beans/spring-beans.xsd"
       >

       <bean name="emp" class="com.pxw.spring.px.Emp">
              <property name="EName" value="李四"></property>
              <property name="gender" value="男"></property>
              <property name="dept" ref="dept"></property>
              <property name="dept.dName" value="保安"></property>
       </bean>
       <bean name="dept" class="com.pxw.spring.px.Dept"></bean>

</beans>