{
  "cranPackages": [
    {
      "name": "zoo",
      "displayName": "zoo: S3 Infrastructure for Regular and Irregular Time Series",
      "url": "https://cran.r-project.org/web/packages/zoo/index.html"
    },
	{
      "name": "scales",
      "displayName": "scales: Scale Functions for Visualization",
      "url": "https://cran.r-project.org/web/packages/scales/index.html"
    },
	{
      "name": "reshape2",
      "displayName": "reshape2: Flexibly Reshape Data: A Reboot of the Reshape Package",
      "url": "https://cran.r-project.org/web/packages/reshape2/index.html"
    },
    {
      "name": "forecast",
      "displayName": "forecast: Forecasting Functions for Time Series and Linear Models",
      "url": "https://cran.r-project.org/web/packages/forecast/index.html"
    }, 
    {
      "name": "ggplot2",
      "displayName": "GG Plot 2",
      "url": "https://cran.r-project.org/web/packages/ggplot2/index.html"
    },
    {
      "name": "plotly",
      "displayName": "Plotly",
      "url": "https://cran.r-project.org/web/packages/plotly/index.html"
    },
    {
      "name": "htmlwidgets",
      "displayName": "HTML Widgets",
      "url": "https://cran.r-project.org/web/packages/htmlwidgets/index.html"
    },
    {
      "name": "XML",
      "displayName": "XML",
      "url": "https://cran.r-project.org/web/packages/XML/index.html"
    },
    {
      "name": "caTools",
      "displayName": "caTools",
      "url": "https://cran.r-project.org/web/packages/caTools/index.html"
    }
    
  ]
}
