{
  "visual": {
    "name": "PowerBI-visuals-forcasting-ARIMA",
    "displayName": "Forecasting with ARIMA",
    "guid": "PBI_CV_AD348DC9_41C4_4867_B19O_53F9RDC6IEAS_HTML",
    "visualClassName": "Visual",
    "version": "1.2.1",
    "description": "<span> Time series forecasting is the use of a model to predict future values based on previously observed values. Current visual implements well known Autoregressive Integrated Moving Average (ARIMA) method for the forecasting. Both seasonal and non-seasonal modeling is supported. You can control the algorithm parameters and the visual attributes to suit your needs.<br/><br/><span style='font-style:italic'>Service prerequisites:</span> R-powered custom visual is used in service seamlessly<br/><br /><span style='font-style:italic'>Desktop prerequisites:</span> To run R scripts in Power BI Desktop, you must separately install R on your local computer.<br />You can download and install R for free from the <a href='https://mran.revolutionanalytics.com/download/'>Revolution Open download page</a> or the <a href='https://cran.r-project.org/bin/windows/base/'>CRAN Repository</a><br /><br /> <span style='font-style:italic'> R package dependencies(auto-installed): </span> graphics, scales, forecast, zoo,  htmlWidgets, XML, plotly <br /><br /> <span style='font-style:italic'> Supports R versions: </span> R 3.3.1, R 3.3.0, MRO 3.3.1, MRO 3.3.0, MRO 3.2.2, 3.4.x  <br /></span>",
    "supportUrl": "http://community.powerbi.com/",
    "gitHubUrl": "https://github.com/Microsoft/powerbi-visuals-forcastingarima"
  },
  "apiVersion": "1.11.0",
  "author": {
    "name": "Microsoft",
    "email": "pbicvsupport@microsoft.com"
  },
  "assets": {
    "icon": "assets/icon.png"
  },
  "externalJS": [
    "node_modules/powerbi-visuals-utils-dataviewutils/lib/index.js"
  ],
  "style": "style/visual.less",
  "capabilities": "capabilities.json",
  "dependencies": "dependencies.json",
  "stringResources": []
}
