{
 "visual": {
 "name": "Time series decomposition",
"displayName": "Time series decomposition",
"guid": "PBI_CV_CAD60C71_FAD5_4B59_A498_A7FB0DDC7A2B",
"visualClassName": "Visual",
"version": "1.0.3",
"description": "<span>Time series decomposition is an essential analytics tool to understand time series components and to improve a forecast. The current visual implements the well-known “Seasonal and Trend decomposition using Loess” approach, and provides several types of plots. You can control the algorithm parameters and the visual attributes to suit your needs. <br/><br/><span style='font-style:italic'>Service prerequisites:</span> R-powered custom visual is used in service seamlessly<br/><br /><span style='font-style:italic'>Desktop prerequisites:</span> To run R scripts in Power BI Desktop, you must separately install R on your local computer.<br />You can download and install R for free from the <a href='https://mran.revolutionanalytics.com/download/'>Revolution Open download page</a> or the <a href='https://cran.r-project.org/bin/windows/base/'>CRAN Repository</a><br /><br /> <span style='font-style:italic'> R package dependencies(auto-installed): </span> proto, zoo <br /><br /> <span style='font-style:italic'> Supports R versions: </span> R 3.3.2, R 3.3.1, R 3.3.0, MRO 3.3.1, MRO 3.3.0  <br /></span>",
"supportUrl": "http://community.powerbi.com/",
"gitHubUrl": "https://github.com/Microsoft/powerbi-visuals-timeseriesdecomposition" 
},
"apiVersion": "1.7.0",
"author": {
 "name": "Microsoft",
"email": "pbicvsupport@microsoft.com" 
},
"assets": {
 "icon": "assets/icon.png" 
},
"externalJS": [],
"style": "style/visual.less",
"capabilities": "capabilities.json",
"dependencies": "dependencies.json" 
}
