<?xml version="1.0" encoding="UTF-8"?>
<beans xmlns="http://www.springframework.org/schema/beans"
       xmlns:xsi="http://www.w3.org/2001/XMLSchema-instance"
       xsi:schemaLocation="http://www.springframework.org/schema/beans http://www.springframework.org/schema/beans/spring-beans.xsd"
       xmlns:p="http://www.springframework.org/schema/p"
>

    <bean id="orders" class="com.sccs.spring.orders.Orders">
        <constructor-arg name="oname" value="软三"></constructor-arg>
        <constructor-arg name="oaddr" value="城市职业学院"></constructor-arg>
    </bean>

    <bean id="Book" class="com.sccs.spring.orders.Book" p:cname="魏敬" p:caddr="城院"></bean>

    <bean id="userService" class="com.sccs.spring.service.UserService">
        <property name="userDao" ref="userDao"></property>
    </bean>
    <bean id="userDao" class="com.sccs.spring.dao.UserDaoImpl"></bean>

    <bean id="person" class="com.sccs.spring.pojo.Person">
        <property name="man">
            <bean class="com.sccs.spring.pojo.Man">
                <property name="name" value="张三"></property>
                <property name="age" value="20"></property>
            </bean>
        </property>
    </bean>

<!--    <bean id="man" class="com.sccs.spring.pojo.Man">-->
<!--        <property name="name" value="张三"></property>-->
<!--        <property name="age" value="20"></property>-->
<!--        <property name="man" ref="man"></property>-->
<!--    </bean>-->
<!--    <bean id="person" class="com.sccs.spring.pojo.Person">-->
<!--        <property name="man" value="z中国"></property>-->
<!--    </bean>-->
</beans>